City_ID,City,Country,Date,Lat,Lng,Max Temp,Humidity,Cloudiness,Wind Speed
0,New Norfolk,AU,2021-11-29 18:49:50,-42.7826,147.0587,50.9,74,64,2.55
1,Wilmington,US,2021-11-29 18:55:18,34.2257,-77.9447,52.99,39,7,4.0
2,Port Elizabeth,ZA,2021-11-29 18:50:47,-33.918,25.5701,63.1,88,0,6.91
3,Luau,AO,2021-11-29 18:56:18,-10.7073,22.2247,65.93,96,45,3.42
4,Atuona,PF,2021-11-29 18:51:46,-9.8,-139.0333,78.21,78,33,23.24
5,Upernavik,GL,2021-11-29 18:51:56,72.7868,-56.1549,21.33,96,100,6.24
6,Bhum,IN,2021-11-29 18:56:20,18.4667,75.6667,70.84,57,100,10.31
7,Acari,PE,2021-11-29 18:56:20,-15.4311,-74.6158,78.37,52,20,11.39
8,Ruidoso,US,2021-11-29 18:56:21,33.3317,-105.673,65.89,20,1,8.05
9,Cabo San Lucas,MX,2021-11-29 18:56:21,22.8909,-109.9124,85.17,65,100,4.0
10,Longyearbyen,SJ,2021-11-29 18:49:44,78.2186,15.6401,10.24,72,20,20.71
11,Dickinson,US,2021-11-29 18:53:25,29.4608,-95.0513,71.22,63,0,1.01
12,Gao,ML,2021-11-29 18:56:22,16.6362,1.637,81.39,11,100,10.71
13,Arraial Do Cabo,BR,2021-11-29 18:50:18,-22.9661,-42.0278,85.96,74,0,18.41
14,Kodiak,US,2021-11-29 18:50:44,57.79,-152.4072,35.11,100,90,25.32
15,Punta Arenas,CL,2021-11-29 18:45:27,-53.15,-70.9167,50.02,61,40,29.93
16,Qaanaaq,GL,2021-11-29 18:49:31,77.484,-69.3632,5.83,61,100,8.08
17,Rikitea,PF,2021-11-29 18:49:36,-23.1203,-134.9692,76.17,76,2,19.13
18,Tuatapere,NZ,2021-11-29 18:49:31,-46.1333,167.6833,56.82,80,100,2.17
19,Barrow,US,2021-11-29 18:48:18,71.2906,-156.7887,-18.38,69,1,8.05
20,Mataura,NZ,2021-11-29 18:49:47,-46.1927,168.8643,56.48,88,100,3.09
21,Magistralnyy,RU,2021-11-29 18:56:25,56.1725,107.4458,6.03,92,98,3.42
22,Jamestown,US,2021-11-29 18:56:25,42.097,-79.2353,36.72,81,97,8.01
23,Chokurdakh,RU,2021-11-29 18:50:45,70.6333,147.9167,-14.21,98,100,3.91
24,Ushuaia,AR,2021-11-29 18:45:31,-54.8,-68.3,44.22,81,75,26.46
25,Belyy Yar,RU,2021-11-29 18:56:26,53.6039,91.3903,12.85,89,100,2.24
26,Petropavlovsk-Kamchatskiy,RU,2021-11-29 18:56:26,53.0452,158.6483,16.39,67,75,11.18
27,Bredasdorp,ZA,2021-11-29 18:50:08,-34.5322,20.0403,62.28,57,16,12.03
28,San Patricio,US,2021-11-29 18:47:21,28.017,-97.5169,70.21,45,10,3.53
29,Nikolskoye,RU,2021-11-29 18:48:23,59.7035,30.7861,25.39,94,100,10.58
30,Busselton,AU,2021-11-29 18:45:28,-33.65,115.3333,52.83,74,8,7.99
31,Kaeo,NZ,2021-11-29 18:51:28,-35.1,173.7833,62.33,89,79,1.16
32,Beringovskiy,RU,2021-11-29 18:50:41,63.05,179.3167,6.12,95,100,8.21
33,Kendari,ID,2021-11-29 18:56:28,-3.945,122.4989,75.22,94,100,1.88
34,Nishihara,JP,2021-11-29 18:51:47,26.1842,127.7558,71.65,78,75,13.8
35,Cuxhaven,DE,2021-11-29 18:56:29,53.8718,8.6909,34.09,93,75,3.44
36,Kaitangata,NZ,2021-11-29 18:50:22,-46.2817,169.8464,58.93,74,100,6.11
37,Fairbanks,US,2021-11-29 18:50:39,64.8378,-147.7164,-13.4,68,90,0.0
38,Hilo,US,2021-11-29 18:48:03,19.7297,-155.09,75.27,78,90,10.36
39,Bluff,NZ,2021-11-29 18:50:03,-46.6,168.3333,56.8,80,100,10.31
40,Torbay,CA,2021-11-29 18:53:03,47.6666,-52.7314,48.67,74,75,12.66
41,Carnarvon,AU,2021-11-29 18:46:36,-24.8667,113.6333,71.67,78,0,20.71
42,Ilmajoki,FI,2021-11-29 18:56:31,62.7333,22.5667,2.79,85,0,3.44
43,Asfi,MA,2021-11-29 18:56:31,32.2994,-9.2372,60.82,72,0,14.45
44,Plyussa,RU,2021-11-29 18:56:32,58.4308,29.3654,24.76,96,100,10.2
45,Honningsvag,NO,2021-11-29 18:56:32,70.9821,25.9704,15.33,87,40,29.93
46,Hasaki,JP,2021-11-29 18:50:38,35.7333,140.8333,37.8,60,19,4.63
47,Varhaug,NO,2021-11-29 18:56:33,58.6147,5.6457,34.9,97,100,23.38
48,Yagodnoye,RU,2021-11-29 18:57:34,62.55,149.6667,-16.11,99,100,2.95
49,Hobart,AU,2021-11-29 18:49:46,-42.8794,147.3294,51.26,90,40,1.01
50,Albany,US,2021-11-29 18:49:35,42.6001,-73.9662,34.18,78,100,3.0
51,Port Hedland,AU,2021-11-29 18:51:45,-20.3167,118.5667,75.25,88,0,6.91
52,Cape Town,ZA,2021-11-29 18:48:01,-33.9258,18.4232,64.89,83,20,9.22
53,Ballina,AU,2021-11-29 18:49:25,-28.8667,153.5667,68.04,96,90,6.91
54,Chuy,UY,2021-11-29 18:50:05,-33.6971,-53.4616,64.15,91,100,19.1
55,Kapaa,US,2021-11-29 18:49:39,22.0752,-159.319,76.48,68,40,4.0
56,Caravelas,BR,2021-11-29 18:50:12,-17.7125,-39.2481,82.89,72,6,12.64
57,Qinhuangdao,CN,2021-11-29 18:57:36,39.9317,119.5883,34.12,86,100,3.27
58,Dawei,MM,2021-11-29 18:52:26,14.0833,98.2,74.1,78,100,6.33
59,Tuktoyaktuk,CA,2021-11-29 18:50:01,69.4541,-133.0374,-14.8,76,75,23.02
60,Geraldton,AU,2021-11-29 18:49:58,-28.7667,114.6,66.61,68,75,14.97
61,Bairiki,KI,2021-11-29 18:57:38,1.3292,172.9752,80.6,78,75,9.22
62,Eha Amufu,NG,2021-11-29 18:57:38,6.6592,7.7596,83.3,54,17,5.35
63,Agadez,NE,2021-11-29 18:57:39,19.75,10.25,74.82,17,89,7.25
64,Mayo,US,2021-11-29 18:57:39,38.8876,-76.5119,46.17,47,99,13.0
65,Eydhafushi,MV,2021-11-29 18:57:39,5.1033,73.0708,78.19,87,100,18.37
66,Port-Cartier,CA,2021-11-29 18:57:40,50.0334,-66.8654,30.42,51,24,2.75
67,Bolotnoye,RU,2021-11-29 18:57:40,55.6717,84.3981,13.26,83,100,10.6
68,Kavieng,PG,2021-11-29 18:50:46,-2.5744,150.7967,82.06,80,100,17.34
69,Berdigestyakh,RU,2021-11-29 18:57:41,62.0989,126.6992,-12.15,100,100,1.61
70,Ketchikan,US,2021-11-29 18:57:42,55.3422,-131.6461,34.97,82,100,5.39
71,Dunedin,NZ,2021-11-29 18:50:34,-45.8742,170.5036,56.66,57,56,5.1
72,Dhidhdhoo,MV,2021-11-29 18:57:42,6.8833,73.1,80.35,79,100,13.27
73,Mar Del Plata,AR,2021-11-29 18:49:11,-38.0023,-57.5575,66.22,91,75,17.0
74,Bethel,US,2021-11-29 18:49:37,41.3712,-73.414,41.05,67,75,1.01
75,Vila Do Maio,CV,2021-11-29 18:57:43,15.1333,-23.2167,77.79,69,100,22.59
76,Yelizovo,RU,2021-11-29 18:57:44,53.1873,158.3805,17.74,67,75,11.01
77,Majene,ID,2021-11-29 18:53:06,-3.5403,118.9707,77.4,85,100,3.31
78,Buarcos,PT,2021-11-29 18:57:44,40.166,-8.8768,53.94,74,100,8.86
79,Zyryanka,RU,2021-11-29 18:57:45,65.75,150.85,-24.12,100,100,2.24
80,Rehoboth,NA,2021-11-29 18:57:45,-23.3167,17.0833,73.04,9,0,12.01
81,Aitape,PG,2021-11-29 18:57:46,-3.1374,142.3475,76.87,92,100,3.91
82,Constitucion,CL,2021-11-29 18:49:42,-35.3333,-72.4167,65.55,61,7,18.61
83,Clonakilty,IE,2021-11-29 18:57:46,51.6231,-8.8706,47.41,85,17,6.44
84,Xingcheng,CN,2021-11-29 18:57:47,40.6167,120.7167,32.31,75,100,7.23
85,Ouegoa,NC,2021-11-29 18:57:47,-20.35,164.4333,78.93,83,12,9.6
86,San Rafael,AR,2021-11-29 18:51:34,-34.6177,-68.3301,85.64,16,0,12.1
87,Oranjemund,NA,2021-11-29 18:57:48,-28.55,16.4333,63.27,89,3,7.23
88,Ribeira Grande,PT,2021-11-29 18:50:15,38.5167,-28.7,64.8,59,20,5.75
89,Ilulissat,GL,2021-11-29 18:51:01,69.2167,-51.1,32.56,99,100,3.62
90,Segovia,ES,2021-11-29 18:57:48,41.1667,-4.0,46.67,69,100,5.59
91,Lebu,CL,2021-11-29 18:48:10,-37.6167,-73.65,59.34,75,100,19.13
92,Saint Anthony,US,2021-11-29 18:52:11,45.0205,-93.218,49.28,50,1,4.61
93,Nichinan,JP,2021-11-29 18:57:49,31.6,131.3667,58.1,71,31,1.34
94,Zhanaozen,KZ,2021-11-29 18:57:50,43.3,52.8,44.46,44,1,11.79
95,Fier,AL,2021-11-29 18:58:50,40.7239,19.5561,51.28,76,72,9.08
96,Logrono,ES,2021-11-29 18:58:51,42.4667,-2.45,49.39,97,75,6.91
97,Eureka,US,2021-11-29 18:52:18,40.8021,-124.1637,58.19,69,94,1.36
98,Dikson,RU,2021-11-29 18:58:51,73.5069,80.5464,-14.42,96,100,17.74
99,Katherine,AU,2021-11-29 18:58:52,-14.4667,132.2667,77.32,50,90,0.0
100,Norman Wells,CA,2021-11-29 18:58:53,65.282,-126.8329,-21.96,63,20,9.22
101,Yar-Sale,RU,2021-11-29 18:58:53,66.8333,70.8333,0.1,98,89,8.37
102,Talnakh,RU,2021-11-29 18:58:54,69.4865,88.3972,-18.99,98,98,7.2
103,Oktyabrskiy,RU,2021-11-29 18:58:54,54.4815,53.471,32.38,83,100,12.19
104,Coihaique,CL,2021-11-29 18:48:09,-45.5752,-72.0662,58.95,47,75,9.22
105,Pringsewu,ID,2021-11-29 18:58:55,-5.3582,104.9744,73.69,95,100,0.81
106,Dauriya,RU,2021-11-29 18:58:55,49.9333,116.8667,-0.67,98,53,5.26
107,Vaini,TO,2021-11-29 18:45:16,-21.2,-175.2,77.16,78,40,11.5
108,Sioux Lookout,CA,2021-11-29 18:58:56,50.1001,-91.917,25.18,86,90,4.61
109,Kedgwick,CA,2021-11-29 18:58:56,47.6446,-67.3434,25.79,72,94,5.77
110,Mount Gambier,AU,2021-11-29 18:51:06,-37.8333,140.7667,51.71,76,4,3.44
111,Hithadhoo,MV,2021-11-29 18:49:43,-0.6,73.0833,81.03,80,16,14.54
112,Airai,TL,2021-11-29 18:50:06,-8.9266,125.4092,61.38,84,100,1.72
113,Mehamn,NO,2021-11-29 18:51:24,71.0357,27.8492,17.51,73,69,24.16
114,Cayenne,GF,2021-11-29 18:50:00,4.9333,-52.3333,84.24,82,75,3.0
115,Thompson,CA,2021-11-29 18:50:30,55.7435,-97.8558,19.56,93,90,5.75
116,Port Hardy,CA,2021-11-29 18:46:40,50.6996,-127.4199,48.2,100,75,10.36
117,Kavaratti,IN,2021-11-29 18:52:16,10.5669,72.642,81.84,78,85,12.97
118,Avarua,CK,2021-11-29 18:50:36,-21.2078,-159.775,77.05,69,75,5.75
119,Jorpeland,NO,2021-11-29 18:59:00,59.0225,6.0408,35.15,86,100,13.27
120,Te Anau,NZ,2021-11-29 18:49:59,-45.4167,167.7167,50.9,70,65,0.63
121,Meulaboh,ID,2021-11-29 18:53:01,4.1363,96.1285,74.34,94,100,2.62
122,Metro,ID,2021-11-29 18:59:01,-5.1131,105.3067,74.75,92,100,1.81
123,Hutchinson,US,2021-11-29 18:55:56,38.0608,-97.9298,71.82,35,0,1.99
124,Moerai,PF,2021-11-29 18:59:02,-22.4333,-151.3333,76.75,82,100,7.36
125,Tongchuan,CN,2021-11-29 18:59:02,35.0806,109.0897,33.15,35,0,6.89
126,Wanlaweyn,SO,2021-11-29 18:59:03,2.6185,44.8938,79.39,74,43,12.66
127,Bilecik,TR,2021-11-29 18:59:03,40.0,30.1667,51.42,73,100,24.79
128,San Carlos De Bariloche,AR,2021-11-29 18:48:14,-41.1456,-71.3082,71.35,23,0,16.11
129,Xining,CN,2021-11-29 18:53:07,36.6167,101.7667,18.32,50,0,1.92
130,Kirensk,RU,2021-11-29 18:59:04,57.7853,108.1119,6.4,90,92,7.63
131,Lahuachaca,BO,2021-11-29 18:59:05,-17.3667,-67.6667,60.49,40,100,7.61
132,Victoria,HK,2021-11-29 18:47:00,22.2855,114.1577,71.33,70,0,3.0
133,Saskylakh,RU,2021-11-29 18:47:11,71.9167,114.0833,-22.29,100,93,4.12
134,Hami,CN,2021-11-29 18:49:56,42.8,93.45,24.46,55,0,0.65
135,Vladyslavivka,UA,2021-11-29 18:59:06,45.1667,35.3667,59.56,72,100,24.11
136,Toktogul,KG,2021-11-29 18:59:07,41.8708,72.9402,34.25,41,5,2.93
137,Kingaroy,AU,2021-11-29 18:59:07,-26.5333,151.8333,66.24,100,90,8.05
138,Pemangkat,ID,2021-11-29 18:59:08,1.1667,108.9667,78.15,82,100,3.49
139,Bilma,NE,2021-11-29 18:59:08,18.6853,12.9164,79.75,15,100,8.37
140,Bandarbeyla,SO,2021-11-29 18:52:00,9.4942,50.8122,78.28,72,21,18.88
141,Vung Tau,VN,2021-11-29 19:00:09,10.346,107.0843,78.66,87,100,20.98
142,Khash,IR,2021-11-29 19:00:10,28.2211,61.2158,53.96,40,41,1.97
143,Solnechnyy,RU,2021-11-29 19:00:10,50.7214,136.6319,8.17,93,100,5.61
144,Catamarca,AR,2021-11-29 19:00:11,-28.4696,-65.7852,91.78,29,5,5.01
145,Misawa,JP,2021-11-29 19:00:12,40.6836,141.3597,50.61,83,91,8.81
146,Port Alfred,ZA,2021-11-29 18:50:37,-33.5906,26.891,67.69,85,97,8.5
147,Kutum,SD,2021-11-29 19:00:13,14.2,24.6667,73.45,27,99,9.42
148,Bereda,ES,2021-11-29 18:58:19,43.2686,-7.5406,47.95,100,98,1.3
149,Surt,LY,2021-11-29 19:00:13,31.2089,16.5887,63.72,25,0,19.82
150,Christchurch,NZ,2021-11-29 18:50:18,-43.5333,172.6333,57.9,92,90,1.99
151,Cherskiy,RU,2021-11-29 18:53:06,68.75,161.3,-15.83,98,100,5.7
152,Tasiilaq,GL,2021-11-29 19:00:15,65.6145,-37.6368,24.96,93,100,11.39
153,Souillac,MU,2021-11-29 19:00:15,-20.5167,57.5167,75.36,69,0,6.69
154,Pingliang,CN,2021-11-29 19:00:16,35.5392,106.6861,30.15,30,0,1.81
155,Herat,AF,2021-11-29 18:59:24,34.5,62.0,51.39,42,6,4.63
156,Ponta Do Sol,PT,2021-11-29 19:00:17,32.6667,-17.1,64.71,74,14,4.88
157,Vardo,NO,2021-11-29 19:00:17,70.3705,31.1107,21.18,86,75,23.02
158,Alice Springs,AU,2021-11-29 18:48:55,-23.7,133.8833,60.35,77,0,0.0
159,Ancud,CL,2021-11-29 18:52:45,-41.8697,-73.8203,66.22,62,42,9.51
160,Yellowknife,CA,2021-11-29 19:00:18,62.456,-114.3525,-11.58,84,8,10.0
161,Evensk,RU,2021-11-29 18:52:21,61.95,159.2333,16.72,93,100,2.75
162,Kibala,TD,2021-11-29 19:00:19,9.1104,18.3463,83.8,23,100,2.71
163,Saint-Philippe,RE,2021-11-29 19:00:20,-21.3585,55.7679,76.55,87,56,8.28
164,Ornes,NO,2021-11-29 19:00:20,66.8689,13.7078,22.84,83,100,7.4
165,Collie,AU,2021-11-29 19:00:21,-33.3667,116.15,45.61,91,0,3.96
166,Atar,MR,2021-11-29 19:00:22,20.5169,-13.0499,69.12,22,5,10.65
167,Shiyan,CN,2021-11-29 19:00:22,32.6475,110.7781,38.91,82,0,5.91
168,Saint-Francois,FR,2021-11-29 19:00:23,46.4154,3.9054,34.68,93,90,3.44
169,Portland,US,2021-11-29 18:59:30,45.5234,-122.6762,59.09,93,90,8.01
170,Dandong,CN,2021-11-29 18:56:03,40.1292,124.3947,36.54,95,100,8.3
171,Lopez Mateos,MX,2021-11-29 19:00:24,15.4667,-93.0087,90.32,39,4,5.77
172,Nanortalik,GL,2021-11-29 18:52:14,60.1432,-45.2371,34.74,98,100,16.08
173,Talcahuano,CL,2021-11-29 19:00:25,-36.7167,-73.1167,60.89,70,5,19.73
174,Nelson Bay,AU,2021-11-29 18:50:38,-32.7167,152.15,67.08,91,100,9.01
175,Mucurapo,TT,2021-11-29 19:00:25,10.6667,-61.5333,87.03,65,67,11.92
176,Leningradskiy,RU,2021-11-29 19:00:26,69.3833,178.4167,-20.09,96,79,9.24
177,Acapulco,MX,2021-11-29 18:49:38,16.8634,-99.8901,84.31,60,1,6.02
178,Saint George,US,2021-11-29 18:49:45,37.1041,-113.5841,68.47,40,1,3.44
179,Praia,CV,2021-11-29 18:57:48,14.9215,-23.5087,77.54,65,20,23.02
180,Opuwo,NA,2021-11-29 19:00:27,-18.0607,13.84,80.1,22,66,7.34
181,Visby,SE,2021-11-29 18:57:21,57.6409,18.296,34.86,64,75,14.97
182,Maarianhamina,AX,2021-11-29 19:00:27,60.0973,19.9348,28.26,80,90,9.22
183,Vila Velha,BR,2021-11-29 18:50:53,-20.3297,-40.2925,84.15,85,20,11.99
184,Tiksi,RU,2021-11-29 19:00:28,71.6872,128.8694,-21.91,100,97,6.24
185,Cabedelo,BR,2021-11-29 18:51:08,-6.9811,-34.8339,82.99,68,75,12.53
186,Naze,JP,2021-11-29 19:00:29,28.3667,129.4833,66.96,69,89,16.22
187,Novyy Urgal,RU,2021-11-29 19:01:29,51.0736,132.5642,-2.09,98,100,0.36
188,Severo-Kurilsk,RU,2021-11-29 19:01:30,50.6789,156.125,34.84,95,99,22.75
189,Riyadh,SA,2021-11-29 18:59:07,24.6877,46.7219,64.54,27,0,6.73
190,Nouadhibou,MR,2021-11-29 19:01:31,20.931,-17.0347,69.37,56,100,20.6
191,Paciran,ID,2021-11-29 19:01:31,-6.8767,112.3761,78.08,83,93,4.81
192,Shangrao,CN,2021-11-29 19:01:32,28.4532,117.9686,58.71,74,100,10.83
193,Butaritari,KI,2021-11-29 19:01:32,3.0707,172.7902,81.1,81,33,11.59
194,Kondinskoye,RU,2021-11-29 19:01:33,59.6481,67.41,24.57,96,100,10.27
195,Vanimo,PG,2021-11-29 19:01:33,-2.6741,141.3028,77.95,87,100,1.48
196,Kholodnyy,RU,2021-11-29 19:01:34,62.7167,147.95,-19.43,99,100,2.62
197,Fortuna,US,2021-11-29 19:01:34,40.5982,-124.1573,57.92,52,1,1.99
198,Khatanga,RU,2021-11-29 19:01:35,71.9667,102.5,-27.67,100,95,5.12
199,Katsuura,JP,2021-11-29 19:01:35,35.1333,140.3,44.71,73,62,13.58
200,Touros,BR,2021-11-29 19:01:36,-5.1989,-35.4608,83.39,67,10,14.41
201,Kosonsoy,UZ,2021-11-29 19:01:36,41.2561,71.5508,34.36,25,8,5.53
202,Bubaque,GW,2021-11-29 18:52:27,11.2833,-15.8333,83.41,66,87,10.29
203,Borogontsy,RU,2021-11-29 19:01:37,62.6683,131.1683,-13.56,99,100,1.54
204,Tiznit,MA,2021-11-29 19:01:38,29.5833,-9.5,59.13,39,0,2.55
205,Ayagoz,KZ,2021-11-29 19:01:38,47.9714,80.4392,1.65,85,4,3.47
206,Yulara,AU,2021-11-29 19:01:39,-25.2406,130.9889,72.07,29,0,5.32
207,San Ramon,US,2021-11-29 18:58:53,37.7799,-121.978,67.05,66,0,1.01
208,Bilibino,RU,2021-11-29 19:01:40,68.0546,166.4372,-8.99,100,85,5.12
209,Tabou,CI,2021-11-29 19:01:41,4.423,-7.3528,80.19,77,100,6.62
210,Camacupa,AO,2021-11-29 18:52:36,-12.0167,17.4833,65.01,90,100,2.28
211,Yaizu,JP,2021-11-29 19:01:41,34.8667,138.3333,50.11,50,15,5.86
212,Mersing,MY,2021-11-29 19:01:42,2.4312,103.8405,77.81,83,100,3.42
213,Sao Joao Da Barra,BR,2021-11-29 19:01:42,-21.6403,-41.0511,77.54,84,2,13.02
214,Sinnamary,GF,2021-11-29 19:01:42,5.3833,-52.95,82.18,76,100,9.06
215,Kastamonu,TR,2021-11-29 19:01:43,41.5,33.6667,59.94,46,100,20.02
216,Hermanus,ZA,2021-11-29 19:01:44,-34.4187,19.2345,62.91,75,15,13.24
217,Clarence Town,AU,2021-11-29 18:52:22,-32.5833,151.7833,66.94,94,100,0.96
218,Dingle,PH,2021-11-29 19:01:44,10.9995,122.6711,74.89,92,18,6.31
219,Austin,US,2021-11-29 19:01:37,30.2672,-97.7431,73.33,43,1,4.0
220,Mahebourg,MU,2021-11-29 19:01:05,-20.4081,57.7,75.25,67,0,6.58
221,Pangkalanbuun,ID,2021-11-29 18:53:15,-2.6833,111.6167,73.09,98,73,2.15
222,Barsovo,RU,2021-11-29 19:01:45,61.1667,73.1667,24.93,94,100,14.65
223,Hambantota,LK,2021-11-29 19:01:46,6.1241,81.1185,78.01,84,88,4.54
224,Pochutla,MX,2021-11-29 18:51:47,15.7432,-96.4661,88.83,46,6,8.37
225,Tautira,PF,2021-11-29 19:01:42,-17.7333,-149.15,84.22,80,98,18.57
226,Stornoway,GB,2021-11-29 19:01:47,58.2093,-6.3865,44.92,93,75,3.0
227,Esperance,AU,2021-11-29 19:01:47,-33.8667,121.9,60.24,72,100,11.74
228,Barreirinha,BR,2021-11-29 19:01:48,-2.7933,-57.07,86.32,65,100,2.13
229,Castro,BR,2021-11-29 19:01:49,-24.7911,-50.0119,73.09,79,87,8.3
230,Murayama,JP,2021-11-29 19:01:49,38.5193,140.3346,37.2,85,100,2.37
231,Morondava,MG,2021-11-29 19:01:50,-20.2833,44.2833,76.44,76,0,7.74
232,Zamora,EC,2021-11-29 18:59:15,-4.0692,-78.9567,79.84,86,100,2.91
233,Sobolevo,RU,2021-11-29 19:02:50,54.4299,31.8996,41.07,98,100,8.16
234,Tessalit,ML,2021-11-29 19:02:51,20.1986,1.0114,77.04,20,2,11.43
235,Half Moon Bay,US,2021-11-29 19:02:52,37.4636,-122.4286,69.89,69,1,0.0
236,Liverpool,GB,2021-11-29 19:00:23,53.4106,-2.9779,48.61,92,90,5.01
237,The Valley,AI,2021-11-29 19:02:52,18.217,-63.0578,85.82,73,7,14.03
238,Viedma,AR,2021-11-29 19:02:53,-40.8135,-62.9967,74.12,26,0,18.01
239,Makakilo City,US,2021-11-29 19:02:53,21.3469,-158.0858,79.12,57,1,9.22
240,Ponta Delgada,PT,2021-11-29 19:02:54,37.7333,-25.6667,61.5,67,75,5.75
241,Dubbo,AU,2021-11-29 19:02:54,-32.25,148.6167,59.13,94,40,9.22
242,Charlestown,AU,2021-11-29 19:02:55,-32.95,151.6667,66.81,94,100,3.67
243,Proletarsk,RU,2021-11-29 19:02:56,46.7031,41.7192,54.55,59,100,14.76
244,Batemans Bay,AU,2021-11-29 18:58:49,-35.7167,150.1833,58.98,93,5,3.29
245,Chute-Aux-Outardes,CA,2021-11-29 19:02:56,49.1168,-68.399,28.33,57,20,3.8
246,Warrington,GB,2021-11-29 19:02:57,53.3925,-2.5802,48.22,99,75,4.0
247,Winnemucca,US,2021-11-29 19:02:57,40.973,-117.7357,50.11,40,1,5.75
248,Aasiaat,GL,2021-11-29 19:02:58,68.7098,-52.8699,32.23,100,100,6.67
249,Hovd,MN,2021-11-29 19:02:59,48.0056,91.6419,15.8,44,0,1.5
250,Praia Da Vitoria,PT,2021-11-29 19:02:59,38.7333,-27.0667,59.76,75,12,4.65
251,Obo,CF,2021-11-29 19:02:59,5.3998,26.4869,71.67,88,100,2.37
252,San Cristobal,VE,2021-11-29 19:03:00,7.7669,-72.225,81.07,57,94,7.07
253,Tarakan,ID,2021-11-29 19:03:00,3.3,117.6333,78.04,82,100,5.3
254,Luganville,VU,2021-11-29 19:03:01,-15.5333,167.1667,79.2,82,92,3.06
255,Labrea,BR,2021-11-29 19:03:01,-7.2586,-64.7981,85.37,69,100,2.77
256,Kenai,US,2021-11-29 19:03:02,60.5544,-151.2583,12.15,84,90,19.57
257,Nabire,ID,2021-11-29 19:03:02,-3.3667,135.4833,76.53,91,100,3.47
258,Bireun,ID,2021-11-29 19:03:03,5.203,96.7009,76.48,91,100,8.23
259,Conceicao Da Barra,BR,2021-11-29 19:01:11,-18.5933,-39.7322,81.93,75,43,10.8
260,Zhucheng,CN,2021-11-29 19:00:27,35.9947,119.3975,38.43,95,100,21.47
261,Marsa Matruh,EG,2021-11-29 19:03:04,31.3525,27.2453,74.21,38,100,10.42
262,Waverly,US,2021-11-29 19:01:19,42.7392,-84.6208,38.48,69,100,7.54
263,Buchanan,LR,2021-11-29 19:03:05,5.8808,-10.0467,80.56,79,100,6.73
264,Escanaba,US,2021-11-29 19:03:05,45.7453,-87.0646,33.94,67,90,9.22
265,Gimry,RU,2021-11-29 19:03:06,42.7597,46.8396,42.53,60,2,9.62
266,Abu Samrah,SY,2021-11-29 19:03:06,35.3029,37.1841,63.79,53,100,5.84
267,Kiruna,SE,2021-11-29 19:03:07,67.8557,20.2251,-10.28,77,90,2.3
268,Puerto Ayora,EC,2021-11-29 19:03:07,-0.7393,-90.3518,80.56,80,89,11.23
269,Adoni,IN,2021-11-29 19:03:08,15.6333,77.2833,69.58,88,100,8.37
270,Challapata,BO,2021-11-29 19:03:08,-18.9,-66.7667,62.26,28,98,7.65
271,Dustlik,UZ,2021-11-29 19:03:08,40.5247,68.0358,48.24,26,100,9.13
272,Santa Fe,AR,2021-11-29 18:59:13,-31.6333,-60.7,86.02,27,0,8.01
273,Stanceni,RO,2021-11-29 19:03:09,46.9833,25.2333,33.33,95,70,6.93
274,Ekhabi,RU,2021-11-29 19:03:10,53.5102,142.9671,16.3,85,100,16.69
275,Pierre,US,2021-11-29 18:59:48,44.3683,-100.351,60.28,44,59,3.0
276,Saint-Paul,RE,2021-11-29 19:03:10,-21.0096,55.2707,77.09,97,29,1.01
277,Georgetown,MY,2021-11-29 19:00:24,5.4112,100.3354,76.95,96,40,0.0
278,Padang,ID,2021-11-29 19:03:11,-0.9492,100.3543,76.23,87,67,3.83
279,Hamilton,US,2021-11-29 18:59:16,39.1834,-84.5333,45.99,37,65,1.99
280,Berlevag,NO,2021-11-29 19:04:12,70.8578,29.0864,17.55,73,100,28.77
281,Sung Noen,TH,2021-11-29 19:04:13,14.8992,101.8207,69.96,79,100,8.21
282,Tilichiki,RU,2021-11-29 19:04:13,60.4667,166.1,28.29,93,100,26.8
283,Ati,TD,2021-11-29 19:02:12,13.2154,18.3353,85.33,14,7,9.17
284,Manono,CD,2021-11-29 19:02:14,-7.3,27.4167,74.8,76,75,2.37
285,Kieta,PG,2021-11-29 19:04:14,-6.2167,155.6333,79.43,85,100,2.95
286,Vostok,RU,2021-11-29 19:04:15,46.4856,135.8833,8.69,95,100,2.82
287,Gizo,SB,2021-11-29 19:04:15,-8.103,156.8419,82.6,77,99,9.62
288,Sokoni,TZ,2021-11-29 19:04:15,-6.4333,39.55,80.87,80,69,10.11
289,Alofi,NU,2021-11-29 19:04:16,-19.0595,-169.9187,78.69,61,20,12.66
290,Kruisfontein,ZA,2021-11-29 19:04:16,-34.0033,24.7314,60.89,81,0,3.47
291,Narsaq,GL,2021-11-29 19:04:17,60.9167,-46.05,32.22,98,100,10.98
292,Santa Isabel,BR,2021-11-29 19:04:17,-23.3156,-46.2214,94.37,34,100,10.31
293,Garowe,SO,2021-11-29 19:04:18,8.4054,48.4845,74.93,49,16,17.4
294,Chicama,PE,2021-11-29 19:04:18,-7.8447,-79.1469,64.94,61,100,10.54
295,Afrikanda,RU,2021-11-29 19:04:19,67.4429,32.7828,4.93,96,100,3.71
296,Mocuba,MZ,2021-11-29 19:04:19,-16.8392,36.9856,69.64,70,0,3.2
297,Soe,ID,2021-11-29 19:04:19,-9.8607,124.284,66.67,84,100,3.85
298,Ha Noi,VN,2021-11-29 19:02:47,21.0245,105.8412,69.8,56,99,7.58
299,Esna,EG,2021-11-29 19:04:20,25.2934,32.554,79.05,22,1,2.57
300,Bengkulu,ID,2021-11-29 19:04:20,-3.8004,102.2655,75.72,87,100,9.57
301,Entre Rios,BR,2021-11-29 19:04:21,-11.9419,-38.0844,76.98,87,60,7.23
302,Birobidzhan,RU,2021-11-29 19:04:22,48.8,132.95,3.83,94,100,2.37
303,Sechura,PE,2021-11-29 19:04:22,-5.5569,-80.8222,79.56,53,38,15.19
304,La Rioja,ES,2021-11-29 19:04:22,42.25,-2.5,43.05,98,100,5.08
305,Bintulu,MY,2021-11-29 19:04:23,3.1667,113.0333,76.84,86,100,5.19
306,Manadhoo,MV,2021-11-29 19:04:23,5.7667,73.3833,77.2,90,100,13.85
307,Hays,US,2021-11-29 19:01:18,30.0502,-98.0336,71.1,41,4,5.01
308,Nara,JP,2021-11-29 19:00:58,34.6851,135.8049,50.97,66,4,3.47
309,Shelburne,CA,2021-11-29 19:04:24,44.0787,-80.2041,30.76,82,100,8.46
310,Jalu,LY,2021-11-29 19:04:25,29.0331,21.5482,65.95,52,100,16.15
311,Iqaluit,CA,2021-11-29 19:04:26,63.7506,-68.5145,17.33,86,90,17.27
312,Boca Do Acre,BR,2021-11-29 19:04:26,-8.7522,-67.3978,89.58,53,100,4.34
313,Aklavik,CA,2021-11-29 19:04:26,68.2191,-135.0107,-27.92,91,21,2.91
314,Codrington,AU,2021-11-29 19:04:27,-38.2667,141.9667,52.0,78,0,7.49
315,Kota Kinabalu,MY,2021-11-29 19:04:27,5.9749,116.0724,75.18,88,20,5.75
316,Beyneu,KZ,2021-11-29 19:04:29,45.3167,55.2,39.38,61,0,11.07
317,Yeppoon,AU,2021-11-29 19:04:29,-23.1333,150.7333,73.18,87,39,8.7
318,Usvyaty,RU,2021-11-29 19:04:30,55.7456,30.7533,40.08,98,100,7.63
319,Cockburn Town,TC,2021-11-29 19:04:30,21.4612,-71.1419,80.56,65,75,6.91
320,Bambous Virieux,MU,2021-11-29 19:04:31,-20.3428,57.7575,75.22,67,0,6.55
321,Anadyr,RU,2021-11-29 19:04:31,64.75,177.4833,0.0,84,100,1.99
322,Chara,RU,2021-11-29 19:05:32,56.9064,118.2631,-9.58,81,100,1.61
323,Bodden Town,KY,2021-11-29 19:05:32,19.2833,-81.25,83.98,65,20,8.99
324,Faanui,PF,2021-11-29 19:05:33,-16.4833,-151.75,80.53,77,100,12.44
325,Camargo,MX,2021-11-29 19:05:34,27.6667,-105.1667,65.79,39,86,5.48
326,Florianopolis,BR,2021-11-29 19:05:34,-27.6146,-48.5012,91.26,76,0,16.11
327,Great Yarmouth,GB,2021-11-29 19:02:08,52.6083,1.7305,37.24,80,97,16.02
328,Saldanha,ZA,2021-11-29 19:05:35,-33.0117,17.9442,62.35,82,10,5.17
329,Palauig,PH,2021-11-29 19:05:35,15.435,119.9045,79.79,81,100,5.88
330,San Quintin,MX,2021-11-29 19:05:36,30.4833,-115.95,71.31,45,0,8.59
331,Paamiut,GL,2021-11-29 19:05:36,61.994,-49.6678,32.79,96,100,33.98
332,Hagere Hiywet,ET,2021-11-29 19:05:37,8.9833,37.85,53.85,44,75,6.22
333,Meru,KE,2021-11-29 19:05:37,0.0463,37.6559,60.66,95,100,1.52
334,Imbituba,BR,2021-11-29 19:05:37,-28.24,-48.6703,87.69,62,0,4.34
335,Asekeyevo,RU,2021-11-29 19:05:38,53.5742,52.7972,32.13,84,100,12.71
336,Otavi,NA,2021-11-29 19:05:38,-19.65,17.3333,79.48,36,100,9.86
337,Port Macquarie,AU,2021-11-29 19:05:39,-31.4333,152.9167,65.89,89,94,3.6
338,Laguna,US,2021-11-29 19:05:39,38.421,-121.4238,72.1,76,1,1.99
339,Lasa,IT,2021-11-29 19:05:40,46.6166,10.7002,31.91,94,46,6.98
340,Fuengirola,ES,2021-11-29 19:05:40,36.54,-4.6247,59.0,59,20,17.27
341,Vila Franca Do Campo,PT,2021-11-29 19:05:41,37.7167,-25.4333,61.2,71,19,6.08
342,Zhoucheng,CN,2021-11-29 19:05:16,35.9122,116.3117,45.01,80,100,11.79
343,Asau,RO,2021-11-29 19:05:42,46.4333,26.4,42.28,82,33,5.32
344,Bontang,ID,2021-11-29 19:05:42,0.1333,117.5,76.6,87,94,3.65
345,Port Lincoln,AU,2021-11-29 19:05:43,-34.7333,135.8667,64.47,63,96,9.86
346,Hofn,IS,2021-11-29 19:05:43,64.2539,-15.2082,28.42,54,20,10.36
347,Hinton,CA,2021-11-29 19:05:44,53.4001,-117.5857,36.46,75,7,4.68
348,Pisco,PE,2021-11-29 19:05:44,-13.7,-76.2167,75.25,60,0,14.97
349,Kembe,CF,2021-11-29 19:05:45,4.6228,21.8865,72.07,89,100,3.13
350,Lichuan,CN,2021-11-29 19:05:13,30.3,108.85,36.18,94,45,2.84
351,Saint-Georges,GD,2021-11-29 19:02:54,12.0564,-61.7485,82.58,65,95,13.98
352,Mende,FR,2021-11-29 19:05:46,44.6667,3.5,19.33,93,88,7.78
353,Saucillo,MX,2021-11-29 19:05:47,28.0167,-105.2833,66.02,40,17,5.7
354,Kidodi,TZ,2021-11-29 19:05:47,-7.6036,37.0044,73.53,92,55,1.95
355,Campina Verde,BR,2021-11-29 19:04:38,-19.5356,-49.4864,87.28,50,100,6.11
356,Sangar,RU,2021-11-29 19:05:48,63.9242,127.4739,-15.81,98,99,2.98
357,Garissa,KE,2021-11-29 19:05:48,-0.4536,39.6401,79.16,77,39,13.78
358,Mitu,CO,2021-11-29 19:05:49,1.1983,-70.1733,81.09,87,100,1.86
359,Ilhabela,BR,2021-11-29 19:05:49,-23.7781,-45.3581,81.43,67,84,5.66
360,Keroka,KE,2021-11-29 19:05:50,-0.7758,34.9453,56.28,96,100,2.84
361,Broken Hill,AU,2021-11-29 19:05:50,-31.95,141.4333,68.65,57,14,7.31
362,Raigarh,IN,2021-11-29 19:05:51,21.9,83.4,61.83,49,27,3.04
363,Pacific Grove,US,2021-11-29 19:05:52,36.6177,-121.9166,75.42,54,1,3.0
364,Quatre Cocos,MU,2021-11-29 19:05:53,-20.2078,57.7625,75.09,66,0,6.91
365,Fort Nelson,CA,2021-11-29 19:05:53,58.8053,-122.7002,13.05,85,64,2.8
366,Semey,KZ,2021-11-29 19:05:54,50.4111,80.2275,15.93,76,10,11.25
367,Mawlaik,MM,2021-11-29 19:05:55,23.6333,94.4167,62.76,89,4,1.72
368,Isiro,CD,2021-11-29 19:06:55,2.7739,27.616,67.48,98,100,2.98
369,Sitka,US,2021-11-29 19:06:56,57.0531,-135.33,37.29,65,90,16.11
370,Kasama,ZM,2021-11-29 19:06:56,-10.2129,31.1808,70.99,41,2,3.49
371,Bullhead City,US,2021-11-29 19:06:57,35.1478,-114.5683,76.26,14,1,23.02
372,Roald,NO,2021-11-29 19:06:57,62.5833,6.1333,36.34,75,40,23.02
373,Sundumbili,ZA,2021-11-29 19:06:58,-29.1337,31.3975,71.13,92,56,1.63
374,Mushabani,IN,2021-11-29 19:06:58,22.5167,86.45,63.14,57,12,3.49
375,Vyartsilya,RU,2021-11-29 19:06:59,62.1764,30.693,17.29,77,100,12.57
376,Treinta Y Tres,UY,2021-11-29 19:06:59,-33.2333,-54.3833,64.87,83,100,27.85
377,North Platte,US,2021-11-29 19:07:00,41.1239,-100.7654,68.38,29,1,5.01
378,Lamu,KE,2021-11-29 19:07:00,-2.2717,40.902,82.62,81,100,7.76
379,Belen,TR,2021-11-29 19:07:01,36.4891,36.2233,48.34,100,75,2.3
380,Nyuksenitsa,RU,2021-11-29 19:07:01,60.4128,44.2397,18.28,93,100,9.64
381,Abhaynagar,BD,2021-11-29 19:07:02,23.0129,89.4049,65.16,62,2,5.48
382,Lukovetskiy,RU,2021-11-29 19:07:03,64.2956,41.9211,-7.62,99,100,2.75
383,Ahipara,NZ,2021-11-29 19:07:03,-35.1667,173.1667,63.59,80,49,2.53
384,Provideniya,RU,2021-11-29 19:07:04,64.3833,-173.3,-4.9,87,4,9.31
385,Yerbogachen,RU,2021-11-29 19:07:04,61.2767,108.0108,-0.62,96,100,7.16
386,East London,ZA,2021-11-29 19:07:05,-33.0153,27.9116,70.54,76,64,14.72
387,Neuquen,AR,2021-11-29 19:04:39,-38.9516,-68.0591,84.09,20,0,12.66
388,Olafsvik,IS,2021-11-29 19:07:06,64.8945,-23.7142,30.36,95,100,16.26
389,Nisia Floresta,BR,2021-11-29 19:07:06,-6.0911,-35.2086,85.01,61,92,12.77
390,Japura,ID,2021-11-29 19:07:07,-0.3167,102.35,71.15,80,99,3.33
391,Muros,ES,2021-11-29 19:07:07,42.7762,-9.0603,52.3,92,100,3.04
392,Vao,NC,2021-11-29 19:07:08,-22.6667,167.4833,76.14,90,96,16.84
393,Richards Bay,ZA,2021-11-29 19:07:08,-28.783,32.0377,70.29,89,17,5.82
394,High Level,CA,2021-11-29 19:07:09,58.5169,-117.136,12.31,89,98,0.51
395,Villanueva,HN,2021-11-29 19:07:10,15.3167,-88.0,80.04,73,75,6.91
396,Ladario,BR,2021-11-29 19:02:20,-19.0047,-57.6017,92.12,45,36,10.98
397,Orlik,RU,2021-11-29 19:07:10,52.5178,99.825,1.6,96,82,3.91
398,San Pedro,PH,2021-11-29 19:07:11,14.35,121.0167,80.35,85,100,3.83
399,Gustrow,DE,2021-11-29 19:03:11,53.7972,12.1734,37.98,93,20,5.75
400,College,US,2021-11-29 19:07:12,64.8569,-147.8028,-18.45,70,75,0.0
401,Ravar,IR,2021-11-29 19:07:12,31.2656,56.8055,55.74,40,11,2.55
402,Sembe,CG,2021-11-29 19:07:13,1.6481,14.5806,75.11,79,86,2.26
403,Canon City,US,2021-11-29 19:07:13,38.441,-105.2424,74.44,19,1,1.99
404,Sao Gabriel Da Cachoeira,BR,2021-11-29 19:07:14,-0.1303,-67.0892,84.36,67,100,1.34
405,Santa Isabel Do Rio Negro,BR,2021-11-29 19:07:14,-0.4139,-65.0192,91.4,48,97,5.08
406,Tshikapa,CD,2021-11-29 19:07:15,-6.4167,20.8,69.15,91,100,1.07
407,Salalah,OM,2021-11-29 19:07:15,17.0151,54.0924,80.69,29,0,3.44
408,Saint-Augustin,CA,2021-11-29 19:07:16,51.226,-58.6502,35.29,68,100,15.46
409,Rundu,NA,2021-11-29 19:07:17,-17.9333,19.7667,70.16,75,100,5.86
410,Baykit,RU,2021-11-29 19:07:18,61.67,96.37,-2.45,97,100,2.82
411,Harlingen,US,2021-11-29 19:07:18,26.1906,-97.6961,73.35,80,20,8.05
412,Burnie,AU,2021-11-29 19:08:18,-41.0667,145.9167,54.36,86,81,10.16
413,Minab,IR,2021-11-29 19:08:19,27.1467,57.0801,69.3,67,75,2.08
414,Biltine,TD,2021-11-29 19:08:19,14.5333,20.9167,83.01,19,7,8.32
415,Thinadhoo,MV,2021-11-29 19:08:20,0.5333,72.9333,82.02,78,27,15.95
416,Lima,PE,2021-11-29 19:07:35,-12.0432,-77.0282,68.25,73,75,10.36
417,Los Llanos De Aridane,ES,2021-11-29 19:08:21,28.6585,-17.9182,61.12,77,75,1.01
418,Brookhaven,US,2021-11-29 19:04:00,31.5791,-90.4407,63.25,36,0,3.18
419,Maniitsoq,GL,2021-11-29 19:08:22,65.4167,-52.9,32.72,97,100,19.1
420,Plouzane,FR,2021-11-29 19:08:22,48.3833,-4.6167,44.65,82,75,5.75
421,Kloulklubed,PW,2021-11-29 19:08:22,7.0419,134.2556,77.5,73,100,5.99
422,Buraydah,SA,2021-11-29 19:08:23,26.326,43.975,61.43,24,0,3.87
423,Lavrentiya,RU,2021-11-29 19:08:24,65.5833,-171.0,-11.22,92,8,8.55
424,Nchelenge,ZM,2021-11-29 19:08:24,-9.3451,28.734,75.4,69,42,1.36
425,Nome,US,2021-11-29 19:08:25,64.5011,-165.4064,-11.13,54,1,3.44
426,Oranjestad,AW,2021-11-29 19:08:25,12.524,-70.027,85.95,70,40,16.11
427,Yinchuan,CN,2021-11-29 19:04:59,38.4681,106.2731,28.81,31,0,6.04
428,Riosucio,CO,2021-11-29 19:08:26,5.4216,-75.7032,71.28,75,100,1.61
429,Katobu,ID,2021-11-29 19:08:27,-4.9408,122.5276,74.95,95,100,4.59
430,Alyangula,AU,2021-11-29 19:08:27,-13.8483,136.4192,83.48,68,6,3.67
431,Namibe,AO,2021-11-29 19:08:28,-15.1961,12.1522,71.74,70,10,8.32
432,Brigantine,US,2021-11-29 19:08:28,39.4101,-74.3646,45.32,55,75,18.41
433,Isangel,VU,2021-11-29 19:08:29,-19.55,169.2667,78.98,80,12,4.03
434,Yaan,NG,2021-11-29 19:08:29,7.3833,8.5667,84.7,29,23,1.25
435,Port-Gentil,GA,2021-11-29 19:08:30,-0.7193,8.7815,80.46,83,100,12.84
436,Cidreira,BR,2021-11-29 19:08:31,-30.1811,-50.2056,77.76,55,62,15.46
437,Annonay,FR,2021-11-29 19:08:31,45.2397,4.6708,34.47,90,68,6.87
438,Cascais,PT,2021-11-29 19:08:31,38.6979,-9.4215,57.51,66,75,15.01
439,Westport,US,2021-11-29 19:06:19,41.1415,-73.3579,42.94,62,1,5.99
440,Sjovegan,NO,2021-11-29 19:08:32,68.8726,17.8474,22.14,82,100,7.31
441,Byron Bay,AU,2021-11-29 19:08:33,-28.65,153.6167,69.75,87,100,6.02
442,Atherton,GB,2021-11-29 19:07:36,53.5237,-2.4935,47.64,97,100,9.19
443,Trat,TH,2021-11-29 19:08:34,12.5,102.5,80.98,86,100,11.21
444,Hochst,AT,2021-11-29 19:08:34,47.4593,9.6405,35.6,66,75,9.22
445,Wooster,US,2021-11-29 19:08:34,40.8051,-81.9351,40.64,62,40,11.5
446,Gonbad-E Qabus,IR,2021-11-29 19:08:35,37.25,55.1672,56.79,61,7,0.98
447,Tevriz,RU,2021-11-29 19:08:36,57.509,72.4042,16.48,86,34,6.4
448,Naryan-Mar,RU,2021-11-29 19:08:36,67.6713,53.087,8.02,96,98,8.23
449,Skowhegan,US,2021-11-29 19:08:37,44.7651,-69.7192,36.68,55,2,8.16
450,Alekseyevka,RU,2021-11-29 19:08:37,50.6309,38.6903,55.71,77,100,28.5
451,Kralendijk,BQ,2021-11-29 19:08:38,12.15,-68.2667,81.95,79,85,18.07
452,Itarema,BR,2021-11-29 19:08:39,-2.9248,-39.9167,85.46,62,100,16.98
453,Marsaxlokk,MT,2021-11-29 19:08:39,35.8419,14.5431,57.81,54,20,36.82
454,Bloomfield,US,2021-11-29 19:06:23,40.8068,-74.1854,44.17,57,90,4.0
455,Sao Bernardo,BR,2021-11-29 19:08:40,-3.3614,-42.4178,93.36,42,57,10.07
456,Saint-Pierre,RE,2021-11-29 19:08:40,-21.3393,55.4781,76.64,84,0,8.05
457,Punta Gorda,US,2021-11-29 19:08:41,26.9298,-82.0454,75.29,56,1,5.01
458,Barcelos,PT,2021-11-29 19:07:23,41.5388,-8.6151,52.29,83,99,2.26
459,Shaowu,CN,2021-11-29 19:09:42,27.3409,117.4831,60.01,92,100,5.37
460,Arroyo,ES,2021-11-29 19:09:43,41.6096,-4.7969,47.14,76,0,4.61
461,Joao Pinheiro,BR,2021-11-29 19:09:43,-17.7425,-46.1725,86.14,44,100,5.68
462,Riberalta,BO,2021-11-29 19:09:44,-10.9833,-66.1,90.48,51,100,0.54
463,Batagay,RU,2021-11-29 19:09:44,67.6333,134.6333,-24.5,99,100,1.97
464,Moose Factory,CA,2021-11-29 19:09:45,51.2585,-80.6094,17.58,86,90,12.66
465,Klaksvik,FO,2021-11-29 19:09:45,62.2266,-6.589,36.52,67,100,25.84
466,Le Port,RE,2021-11-29 19:09:46,-20.9373,55.2919,76.96,97,36,2.51
467,Deputatskiy,RU,2021-11-29 19:09:46,69.3,139.9,-13.94,97,100,4.61
468,Varzea Alegre,BR,2021-11-29 19:09:47,-5.35,-40.3833,95.94,25,28,7.38
469,Mosetse,BW,2021-11-29 19:09:47,-20.75,26.65,80.83,37,100,7.29
470,Henties Bay,NA,2021-11-29 19:09:48,-22.116,14.2845,59.86,90,0,8.46
471,Coquimbo,CL,2021-11-29 19:09:48,-29.9533,-71.3436,64.13,67,20,13.8
472,Marawi,PH,2021-11-29 19:09:49,7.9986,124.2928,66.65,94,90,2.3
473,Guerrero Negro,MX,2021-11-29 19:09:50,27.9769,-114.0611,77.25,31,0,3.58
474,Necochea,AR,2021-11-29 19:09:50,-38.5473,-58.7368,65.44,68,36,17.47
475,Luderitz,NA,2021-11-29 19:09:51,-26.6481,15.1594,62.76,86,0,12.21
476,Khandyga,RU,2021-11-29 19:09:52,62.6667,135.6,-17.97,98,100,1.97
477,Kalmunai,LK,2021-11-29 19:09:55,7.4167,81.8167,77.5,86,7,3.22
478,Ayan,RU,2021-11-29 19:09:55,56.45,138.1667,9.81,68,100,11.27
479,Okhotsk,RU,2021-11-29 19:09:56,59.3833,143.3,-12.35,87,15,17.43
480,Nizhniy Tsasuchey,RU,2021-11-29 19:09:56,50.5167,115.1333,8.46,89,92,7.02
481,Hornepayne,CA,2021-11-29 19:09:57,49.2138,-84.7705,23.81,69,100,3.4
482,Yining,CN,2021-11-29 19:09:57,29.0361,114.5636,50.7,72,100,9.15
483,Tungor,RU,2021-11-29 19:09:58,53.3808,142.9564,14.05,87,65,15.39
484,Payson,US,2021-11-29 19:08:27,40.0444,-111.7321,63.03,61,1,0.0
485,Novaya Ladoga,RU,2021-11-29 19:09:59,60.1025,32.3019,21.94,94,100,19.19
486,Steamboat Springs,US,2021-11-29 19:08:59,40.485,-106.8317,55.11,45,1,0.0
487,Mukhen,RU,2021-11-29 19:09:59,48.1,136.1,10.27,94,100,3.02
488,Louisville,US,2021-11-29 19:06:11,38.2542,-85.7594,49.05,30,1,4.0
489,The Pas,CA,2021-11-29 19:10:00,53.8251,-101.2541,32.95,91,46,10.0
490,Sayat,TM,2021-11-29 19:10:01,38.7839,63.8803,52.75,46,67,8.84
491,Skibotn,NO,2021-11-29 19:10:01,69.3913,20.2679,24.89,89,27,14.03
492,Sao Jose Da Coroa Grande,BR,2021-11-29 19:10:02,-8.8978,-35.1478,82.54,71,50,14.94
493,Les Cayes,HT,2021-11-29 19:10:02,18.2,-73.75,84.29,59,55,6.93
494,Umm Lajj,SA,2021-11-29 19:10:03,25.0213,37.2685,83.37,45,0,2.71
495,Cacoal,BR,2021-11-29 19:10:04,-11.4386,-61.4472,86.92,64,46,4.09
496,Homer,US,2021-11-29 19:10:04,59.6425,-151.5483,21.07,86,90,12.66
497,Hede,CN,2021-11-29 19:10:05,33.7681,120.2517,50.5,84,100,17.72
498,Qasigiannguit,GL,2021-11-29 19:10:05,68.8193,-51.1922,34.05,99,100,6.15
499,Grand Gaube,MU,2021-11-29 19:10:06,-20.0064,57.6608,75.38,69,0,1.99
500,Bang Saphan,TH,2021-11-29 19:09:09,11.2126,99.5117,78.01,81,100,11.79
501,La Ronge,CA,2021-11-29 19:10:07,55.1001,-105.2842,34.7,75,99,16.4
502,Emba,KZ,2021-11-29 19:10:07,48.8264,58.1442,15.66,82,2,2.28
503,Tsogni,GA,2021-11-29 19:10:08,-2.7942,10.0988,76.98,90,100,5.01
504,Faya,SA,2021-11-29 19:10:09,18.3851,42.4509,55.92,41,0,9.1
505,Marienburg,PL,2021-11-29 19:10:09,54.0359,19.0266,35.26,96,100,15.48
506,Matamoros,MX,2021-11-29 19:10:05,25.5333,-103.25,71.71,42,75,3.44
507,Camacha,PT,2021-11-29 19:11:10,33.0833,-16.3333,60.22,72,20,6.91
508,Qazvin,IR,2021-11-29 19:11:10,36.2797,50.0049,52.56,53,0,2.75
509,Hervey Bay,AU,2021-11-29 19:11:11,-25.2986,152.8535,76.03,97,93,1.01
510,Kudahuvadhoo,MV,2021-11-29 19:11:12,2.6708,72.8944,82.35,74,86,15.88
511,Cedar City,US,2021-11-29 19:11:12,37.6775,-113.0619,57.4,26,1,4.61
512,Tayoltita,MX,2021-11-29 19:11:13,24.0833,-105.9333,80.92,36,17,5.95
513,Cayhagan,PH,2021-11-29 19:11:13,9.6697,122.4256,78.28,83,78,4.43
514,Boueni,YT,2021-11-29 19:11:14,-12.9025,45.0761,78.78,77,9,7.09
515,Taybad,IR,2021-11-29 19:11:15,34.74,60.7756,54.72,37,5,6.58
516,Zhuhai,CN,2021-11-29 19:07:38,22.2769,113.5678,71.38,72,0,12.66
517,Marsh Harbour,BS,2021-11-29 19:11:16,26.5412,-77.0636,71.47,63,4,14.92
518,Tianpeng,CN,2021-11-29 19:11:16,30.9866,103.9393,45.91,83,26,5.3
519,Iwanai,JP,2021-11-29 19:11:17,42.9744,140.5089,42.84,89,100,3.42
520,Gombe,NG,2021-11-29 19:11:18,10.2897,11.1673,81.34,17,13,6.91
521,Makaryev,RU,2021-11-29 19:11:18,57.8797,43.8069,34.75,98,100,9.95
522,Tucuman,AR,2021-11-29 19:11:19,-26.8241,-65.2226,89.6,33,20,4.61
523,Husavik,IS,2021-11-29 19:11:20,66.0449,-17.3389,24.98,76,100,8.48
524,Romhany,HU,2021-11-29 19:11:20,47.9262,19.2572,36.75,78,100,15.12
525,Akyab,MM,2021-11-29 19:11:21,20.15,92.9,72.18,68,80,8.05
526,Mount Barker,AU,2021-11-29 19:11:21,-35.0667,138.8667,66.11,62,22,5.46
527,Rabo De Peixe,PT,2021-11-29 19:11:22,37.8,-25.5833,60.28,84,75,5.75
528,Endicott,US,2021-11-29 19:11:22,42.0984,-76.0494,34.9,70,90,11.99
529,Sabha,LY,2021-11-29 19:11:23,27.0377,14.4283,59.74,15,1,9.15
530,Tura,IN,2021-11-29 19:09:47,25.5198,90.2201,59.52,75,24,4.5
531,Cedeno,CO,2021-11-29 19:11:24,7.0464,-72.1634,80.11,85,97,2.59
532,South River,US,2021-11-29 19:07:14,40.4465,-74.386,44.38,56,100,1.99
533,Kirakira,SB,2021-11-29 19:11:25,-10.4544,161.9205,80.38,82,42,4.27
534,Lufilufi,WS,2021-11-29 19:11:25,-13.8745,-171.5986,78.58,75,10,13.73
535,Tahoua,NE,2021-11-29 19:11:26,14.8888,5.2692,78.28,10,40,10.0
536,Berbera,SO,2021-11-29 19:11:26,10.4396,45.0143,81.12,53,6,5.17
537,Pevek,RU,2021-11-29 19:11:27,69.7008,170.3133,1.67,96,100,3.71
538,Southampton,GB,2021-11-29 19:11:27,50.904,-1.4043,43.2,86,75,1.01
539,Franklin,US,2021-11-29 19:11:28,39.9667,-83.0166,43.97,46,75,5.01
540,Shingu,JP,2021-11-29 19:11:28,33.7333,135.9833,50.92,82,74,3.98
541,Siniscola,IT,2021-11-29 19:11:29,40.5719,9.6922,45.95,54,81,11.07
542,Zhigansk,RU,2021-11-29 19:11:29,66.7697,123.3711,-16.67,97,100,1.12
543,San Juan,AR,2021-11-29 19:11:30,-31.5375,-68.5364,89.17,14,0,3.78
544,Zhaotong,CN,2021-11-29 19:11:31,27.3167,103.7167,36.39,98,100,5.26
545,Bielsk Podlaski,PL,2021-11-29 19:11:31,52.7651,23.1865,34.25,95,100,15.86
546,Lai,TD,2021-11-29 19:11:32,9.3952,16.2989,83.97,22,32,3.83
547,Gat,IL,2021-11-29 19:11:32,31.61,34.7642,77.4,30,82,7.49
548,Vamvakou,GR,2021-11-29 19:11:33,39.3333,22.4167,51.04,65,24,12.66
549,Boras,SE,2021-11-29 19:11:33,57.721,12.9401,21.34,78,100,0.58
550,Seoul,KR,2021-11-29 19:11:34,37.5683,126.9778,49.44,66,100,4.56
551,Puerto Leguizamo,CO,2021-11-29 19:11:34,-0.1934,-74.7819,82.83,83,100,3.58
552,Lagoa,PT,2021-11-29 19:12:35,39.05,-27.9833,60.8,56,38,2.62
553,Margate,GB,2021-11-29 19:12:35,51.3813,1.3862,37.69,79,38,1.01
554,Avera,US,2021-11-29 19:12:36,33.194,-82.5271,59.68,31,0,6.17
555,Midleton,IE,2021-11-29 19:12:36,51.9153,-8.1805,49.06,92,13,7.27
556,Atasu,KZ,2021-11-29 19:12:37,48.6814,71.6433,12.0,79,100,3.31
557,Chernenko,RU,2021-11-29 19:12:37,44.365,39.3103,69.57,36,83,20.47
558,San Carlos Del Zulia,VE,2021-11-29 19:12:37,9.0,-71.9135,87.76,59,100,5.84
559,Kysyl-Syr,RU,2021-11-29 19:12:38,63.8986,122.7617,-14.8,98,100,2.26
560,Shimoda,JP,2021-11-29 19:12:38,34.6667,138.95,50.11,70,21,9.62
561,Leh,IN,2021-11-29 19:12:39,34.1667,77.5833,16.09,57,100,2.68
562,Tinskoy,RU,2021-11-29 19:12:39,56.1525,96.9161,25.23,95,100,8.79
563,Karratha,AU,2021-11-29 19:12:40,-20.7377,116.8463,81.27,63,5,9.31
564,Matay,EG,2021-11-29 19:12:40,28.419,30.7792,74.53,17,62,2.13
565,Kununurra,AU,2021-11-29 19:09:47,-15.7667,128.7333,75.18,73,8,5.75
566,Bull Savanna,JM,2021-11-29 19:12:41,17.8868,-77.5902,81.3,59,97,5.55
567,Sindor,RU,2021-11-29 19:12:41,62.8629,51.8905,-7.2,100,89,2.66
568,Guerrero,MX,2021-11-29 19:12:42,17.6667,-100.0,80.56,40,0,5.01
